index,water_level,surface_area
1,1093.517,21225308.181152344
2,1095.5771,24820867.819060206
3,1094.86375,24500863.749267578
4,1087.1658499999999,11652839.561279297
5,1104.478,47785264.47387121
6,1103.4614000000001,51183663.07104492
7,1103.4315,51183663.07104492
8,1100.1401,39706695.26090878
9,1082.7175,6012927.565185547
